Sample,Richness,Shannon Index,Simpson Index
Sample.1,19,0.8263,0.4067
Sample.10,17,1.3592,0.6678
Sample.11,19,0.7836,0.4309
Sample.12,1,-0.0,0.0
Sample.13,1,-0.0,0.0
Sample.14,11,1.239,0.6499
Sample.15,21,1.4425,0.68
Sample.16,11,0.549,0.2136
Sample.17,14,1.1336,0.5821
Sample.18,10,1.0617,0.5697
Sample.19,10,0.1052,0.0291
Sample.2,21,1.8811,0.7949
Sample.20,12,0.8412,0.3332
Sample.21,10,1.3018,0.6329
Sample.22,13,0.8288,0.311
Sample.23,18,0.5556,0.1984
Sample.24,12,1.7593,0.745
Sample.25,11,2.0081,0.8168
Sample.26,2,0.1927,0.0915
Sample.27,3,0.0687,0.0228
Sample.28,15,1.4152,0.6819
Sample.29,4,1.0439,0.5593
Sample.3,0,0.0,0.0
Sample.30,8,1.2684,0.5441
Sample.31,3,0.2823,0.1332
Sample.32,4,0.4638,0.2126
Sample.33,5,0.9112,0.5267
Sample.34,5,0.5961,0.2954
Sample.35,11,0.5283,0.1947
Sample.36,4,0.4049,0.2009
Sample.37,2,0.029,0.009
Sample.38,21,1.6869,0.7032
Sample.39,17,1.5164,0.6418
Sample.4,21,1.049,0.397
Sample.40,16,1.7988,0.7494
Sample.41,15,0.7894,0.3703
Sample.42,13,0.9398,0.4377
Sample.43,7,0.5862,0.2572
Sample.44,25,1.5711,0.679
Sample.45,21,1.2684,0.5244
Sample.46,22,1.1525,0.6048
Sample.47,12,1.1616,0.6148
Sample.48,16,1.1137,0.5171
Sample.49,15,1.823,0.7418
Sample.5,21,0.8458,0.3217
Sample.50,20,1.5558,0.6682
Sample.51,15,1.5934,0.7664
Sample.52,11,0.974,0.511
Sample.53,0,0.0,0.0
Sample.54,10,0.4921,0.2675
Sample.55,10,1.1041,0.4925
Sample.56,14,1.6517,0.772
Sample.57,9,1.4041,0.7131
Sample.58,9,1.1208,0.5999
Sample.59,8,1.2037,0.5972
Sample.6,0,0.0,0.0
Sample.60,7,0.4377,0.1703
Sample.61,6,0.4782,0.2066
Sample.62,10,0.3918,0.165
Sample.63,7,1.4261,0.7299
Sample.64,8,0.6619,0.3493
Sample.65,10,1.8707,0.8113
Sample.66,14,1.818,0.7185
Sample.67,2,0.3727,0.2156
Sample.68,12,1.8009,0.7642
Sample.69,7,0.1473,0.0457
Sample.7,16,1.0078,0.5702
Sample.70,5,0.2115,0.0761
Sample.71,7,0.6163,0.2506
Sample.72,6,0.5704,0.2322
Sample.73,4,0.9022,0.5273
Sample.74,4,0.3553,0.162
Sample.75,9,0.811,0.4001
Sample.76,8,1.2483,0.643
Sample.77,7,1.014,0.5581
Sample.78,9,0.2095,0.0827
Sample.79,10,1.0836,0.5327
Sample.8,16,1.6437,0.7791
Sample.80,14,1.5654,0.754
Sample.81,9,0.9853,0.5452
Sample.82,6,0.803,0.4498
Sample.83,26,0.8322,0.3662
Sample.84,18,1.2169,0.6094
Sample.85,21,1.0129,0.5157
Sample.86,21,0.8683,0.3525
Sample.87,14,1.0784,0.5772
Sample.88,0,0.0,0.0
Sample.89,1,-0.0,0.0
Sample.9,13,1.3704,0.661
Sample.91,0,0.0,0.0
Sample.90,0,0.0,0.0
